allocation,method,frequency,portfolio_size,final_return,sharpe,max_drawdown,total_costs
"(0.6, 0.4)",markowitz,daily,10000.0,-0.3678434193395572,-0.8037641222370523,-0.387948876521388,7624.0030800193545
"(0.6, 0.4)",markowitz,daily,100000.0,0.19560664573110165,0.40711433464255303,-0.21779934287713676,31178.72199417228
"(0.6, 0.4)",markowitz,daily,1.0e6,0.21319808957377773,0.43520126329328784,-0.22352883398578371,299575.46021158027
"(0.6, 0.4)",markowitz,weekly,10000.0,0.23864709242944393,0.4813529667849194,-0.20403424147757165,2922.6742637483926
"(0.6, 0.4)",markowitz,weekly,100000.0,0.3531879102288573,0.6531712800182746,-0.19255018424656078,20157.983106118434
"(0.6, 0.4)",markowitz,weekly,1.0e6,0.3433158209352385,0.6392107913673396,-0.19755512803874942,210248.9375759384
"(0.6, 0.4)",markowitz,biweekly,10000.0,0.4012334304853611,0.7168068987084754,-0.15745791521307473,2129.5672920986904
"(0.6, 0.4)",markowitz,biweekly,100000.0,0.4604700604161973,0.7973234025609615,-0.1516810799451035,16810.36531059054
"(0.6, 0.4)",markowitz,biweekly,1.0e6,0.45118223410179414,0.7851671260954942,-0.15417275494629656,175651.60491649504
"(0.6, 0.4)",markowitz,monthly,10000.0,0.4191135614564876,0.7370941601022956,-0.1386048231963164,1794.9191969168007
"(0.6, 0.4)",markowitz,monthly,100000.0,0.4474498451099067,0.7745652464448591,-0.1356277375167796,15833.48987489067
"(0.6, 0.4)",markowitz,monthly,1.0e6,0.4392156959214406,0.7637104524406102,-0.13725294040086689,164679.33495569273
"(0.6, 0.4)",black_litterman,daily,10000.0,-0.27166363532317883,-0.6593572397855705,-0.28763214875145093,6670.7010523564
"(0.6, 0.4)",black_litterman,daily,100000.0,0.42454538414467735,0.8575510466610994,-0.11493213362818666,13783.047192632126
"(0.6, 0.4)",black_litterman,daily,1.0e6,0.49356309379203434,0.9650866282752533,-0.11156668339576048,85319.12047142524
"(0.6, 0.4)",black_litterman,weekly,10000.0,0.3718254211401999,0.7696768315314657,-0.11648185035310687,1724.9912106081563
"(0.6, 0.4)",black_litterman,weekly,100000.0,0.5126416593476042,0.9910016689357669,-0.11035714455111656,6494.758540091759
"(0.6, 0.4)",black_litterman,weekly,1.0e6,0.526216939580689,1.011798902630679,-0.11007809360359677,54529.260957935316
"(0.6, 0.4)",black_litterman,biweekly,10000.0,0.4598959678440646,0.9110438305851773,-0.11117892987384281,1020.5880734606266
"(0.6, 0.4)",black_litterman,biweekly,100000.0,0.5305091931066599,1.0189923533916894,-0.10867652655235827,4794.173295435333
"(0.6, 0.4)",black_litterman,biweekly,1.0e6,0.5370750333818186,1.029327952807204,-0.1085556285532211,42850.2642004082
"(0.6, 0.4)",black_litterman,monthly,10000.0,0.5035469084277073,0.9802269085382936,-0.10888558120878966,659.4926525540957
"(0.6, 0.4)",black_litterman,monthly,100000.0,0.5375803203161791,1.0301999118018481,-0.10842728666923096,3962.638874566644
"(0.6, 0.4)",black_litterman,monthly,1.0e6,0.5404955803349165,1.034942106049439,-0.10838625014478609,37306.41898760016
"(0.6, 0.4)",risk_parity,daily,10000.0,-0.43630589603381154,-2.018456329764947,-0.43821190037997027,6403.948296574012
"(0.6, 0.4)",risk_parity,daily,100000.0,0.18268163509831248,0.6405760712000795,-0.07720668501258121,10336.635837511103
"(0.6, 0.4)",risk_parity,daily,1.0e6,0.2439586347850129,0.8233105793634445,-0.07374264550917986,50157.43634304409
"(0.6, 0.4)",risk_parity,weekly,10000.0,0.12319436709893838,0.4527716981238032,-0.08297965650694572,1511.9644270562146
"(0.6, 0.4)",risk_parity,weekly,100000.0,0.2473900414526946,0.8275786181352549,-0.07368622378872736,4312.012211296314
"(0.6, 0.4)",risk_parity,weekly,1.0e6,0.25926702306419735,0.8628376502479309,-0.07298976197445395,32734.42818477931
"(0.6, 0.4)",risk_parity,biweekly,10000.0,0.19549089965574895,0.6745597791855468,-0.07680098343542918,873.5875976267589
"(0.6, 0.4)",risk_parity,biweekly,100000.0,0.2575907839700624,0.8564457246779872,-0.07324828868094613,3327.114014219887
"(0.6, 0.4)",risk_parity,biweekly,1.0e6,0.263261062607435,0.8739671182537087,-0.0728996360634605,28275.96804261874
"(0.6, 0.4)",risk_parity,monthly,10000.0,0.23319252563037263,0.7875511742228681,-0.07422463607273189,539.5989693275728
"(0.6, 0.4)",risk_parity,monthly,100000.0,0.2631606590684632,0.8721201931498669,-0.07269751432825156,2774.1999058263373
"(0.6, 0.4)",risk_parity,monthly,1.0e6,0.26560675119942,0.880204622474805,-0.07254743192685431,25535.94299670683
"(0.7, 0.3)",markowitz,daily,10000.0,-0.34226594008947964,-0.6230466905773664,-0.3943110833378235,7930.128497792209
"(0.7, 0.3)",markowitz,daily,100000.0,0.2203996212061321,0.4090378274106536,-0.2532438548946062,35542.605506449356
"(0.7, 0.3)",markowitz,daily,1.0e6,0.226978911794123,0.4182601881544877,-0.2620468594406664,353003.7741807632
"(0.7, 0.3)",markowitz,weekly,10000.0,0.28435587582716715,0.501813945363847,-0.23620480019481926,3235.8969666097823
"(0.7, 0.3)",markowitz,weekly,100000.0,0.3983254699021439,0.647051111080724,-0.2260848133773652,23605.413117913453
"(0.7, 0.3)",markowitz,weekly,1.0e6,0.3818841826905923,0.6270040830463203,-0.2325910683462099,249981.22272866147
"(0.7, 0.3)",markowitz,biweekly,10000.0,0.4683759574713977,0.726651717221748,-0.1854521748814506,2411.7373636957254
"(0.7, 0.3)",markowitz,biweekly,100000.0,0.5275049731051844,0.7941362813408246,-0.1803165228859419,19811.539006366973
"(0.7, 0.3)",markowitz,biweekly,1.0e6,0.5133433751835337,0.7783302954122326,-0.18358744533162819,209250.01285597173
"(0.7, 0.3)",markowitz,monthly,10000.0,0.48330550958685814,0.7388381882863598,-0.1641737804782052,2072.549348846305
"(0.7, 0.3)",markowitz,monthly,100000.0,0.5113271990318566,0.7699540781472494,-0.1615176172848687,18721.334512560174
"(0.7, 0.3)",markowitz,monthly,1.0e6,0.49959233987720597,0.756773881328676,-0.1636317011811167,195973.39346696544
"(0.7, 0.3)",black_litterman,daily,10000.0,-0.2165150765349808,-0.4257791708146908,-0.27882092514058876,6743.871281547125
"(0.7, 0.3)",black_litterman,daily,100000.0,0.5028323921606626,0.882109153298329,-0.1317448746185007,14665.121802787056
"(0.7, 0.3)",black_litterman,daily,1.0e6,0.5741526661272733,0.975668300555944,-0.13035221156149857,94282.079435235
"(0.7, 0.3)",black_litterman,weekly,10000.0,0.4517062296292613,0.8099616713201546,-0.1328139528334632,1785.0336872102537
"(0.7, 0.3)",black_litterman,weekly,100000.0,0.597383119525756,1.0023334450280281,-0.12926313098944053,7108.016484839585
"(0.7, 0.3)",black_litterman,weekly,1.0e6,0.6114366353341492,1.0204127743165223,-0.12899503290013026,60666.63486949874
"(0.7, 0.3)",black_litterman,biweekly,10000.0,0.5437500812623182,0.9338537603749981,-0.1290047541022441,1071.2808032337505
"(0.7, 0.3)",black_litterman,biweekly,100000.0,0.6168188099117167,1.0276799295349397,-0.12776870189944756,5304.093434232521
"(0.7, 0.3)",black_litterman,biweekly,1.0e6,0.6236213855029407,1.0366501986282768,-0.1276524324318642,47944.859439872074
"(0.7, 0.3)",black_litterman,monthly,10000.0,0.5901805450844244,0.9956800097763194,-0.1278432940384261,700.2481710435586
"(0.7, 0.3)",black_litterman,monthly,100000.0,0.6253939855588253,1.039100331371265,-0.1273993004781082,4368.79759962941
"(0.7, 0.3)",black_litterman,monthly,1.0e6,0.6284180930275616,1.043206247062748,-0.12735951130343937,41360.22093577882
"(0.7, 0.3)",risk_parity,daily,10000.0,-0.43630589603381154,-2.018456329764947,-0.43821190037997027,6403.948296574012
"(0.7, 0.3)",risk_parity,daily,100000.0,0.18268163509831248,0.6405760712000795,-0.07720668501258121,10336.635837511103
"(0.7, 0.3)",risk_parity,daily,1.0e6,0.2439586347850129,0.8233105793634445,-0.07374264550917986,50157.43634304409
"(0.7, 0.3)",risk_parity,weekly,10000.0,0.12319436709893838,0.4527716981238032,-0.08297965650694572,1511.9644270562146
"(0.7, 0.3)",risk_parity,weekly,100000.0,0.2473900414526946,0.8275786181352549,-0.07368622378872736,4312.012211296314
"(0.7, 0.3)",risk_parity,weekly,1.0e6,0.25926702306419735,0.8628376502479309,-0.07298976197445395,32734.42818477931
"(0.7, 0.3)",risk_parity,biweekly,10000.0,0.19549089965574895,0.6745597791855468,-0.07680098343542918,873.5875976267589
"(0.7, 0.3)",risk_parity,biweekly,100000.0,0.2575907839700624,0.8564457246779872,-0.07324828868094613,3327.114014219887
"(0.7, 0.3)",risk_parity,biweekly,1.0e6,0.263261062607435,0.8739671182537087,-0.0728996360634605,28275.96804261874
"(0.7, 0.3)",risk_parity,monthly,10000.0,0.23319252563037263,0.7875511742228681,-0.07422463607273189,539.5989693275728
"(0.7, 0.3)",risk_parity,monthly,100000.0,0.2631606590684632,0.8721201931498669,-0.07269751432825156,2774.1999058263373
"(0.7, 0.3)",risk_parity,monthly,1.0e6,0.26560675119942,0.880204622474805,-0.07254743192685431,25535.94299670683
"(0.8, 0.2)",markowitz,daily,10000.0,-0.31667486457407235,-0.47974442193204414,-0.4016751136449477,8242.936868696941
"(0.8, 0.2)",markowitz,daily,100000.0,0.2447499046809294,0.4106508671593476,-0.2876790694554603,39972.419442887694
"(0.8, 0.2)",markowitz,daily,1.0e6,0.23912614918619557,0.4041348437655296,-0.2995086017099574,407721.335571643
"(0.8, 0.2)",markowitz,weekly,10000.0,0.33076112862395357,0.5176217553178138,-0.2675494198670567,3556.0194143982926
"(0.8, 0.2)",markowitz,weekly,100000.0,0.44382243132873267,0.641549298847759,-0.25874485660445734,27139.773067445065
"(0.8, 0.2)",markowitz,weekly,1.0e6,0.41987203797362493,0.6162188457224325,-0.2667691288332694,291122.3678023724
"(0.8, 0.2)",markowitz,biweekly,10000.0,0.5377937542605677,0.7337466410636146,-0.2130315469213666,2701.246218301096
"(0.8, 0.2)",markowitz,biweekly,100000.0,0.5965672872105094,0.7907642528373279,-0.20852253392532838,22900.11663361961
"(0.8, 0.2)",markowitz,biweekly,1.0e6,0.5767062958494327,0.7717526088745619,-0.2125947856307625,244137.46048833927
"(0.8, 0.2)",markowitz,monthly,10000.0,0.5495995666959101,0.7397690915680546,-0.18929339098694664,2358.2578290967776
"(0.8, 0.2)",markowitz,monthly,100000.0,0.5771331864464768,0.7657587136543466,-0.186957162590476,21699.269070060545
"(0.8, 0.2)",markowitz,monthly,1.0e6,0.561314825627993,0.7505180750877576,-0.1895787590057071,228428.6286213492
"(0.8, 0.2)",black_litterman,daily,10000.0,-0.15846804125026714,-0.2391412453435818,-0.27030303791564103,6814.345236147201
"(0.8, 0.2)",black_litterman,daily,100000.0,0.5848016783989523,0.8995363192983878,-0.15026226154122335,15504.740877731785
"(0.8, 0.2)",black_litterman,daily,1.0e6,0.658497529625929,0.9817044628106621,-0.14892540867378135,102807.07751127226
"(0.8, 0.2)",black_litterman,weekly,10000.0,0.5356212128552322,0.8402201934237064,-0.15072986392985688,1841.897774425923
"(0.8, 0.2)",black_litterman,weekly,100000.0,0.686314115830859,1.0089610855399624,-0.14792255008032507,7688.555856335109
"(0.8, 0.2)",black_litterman,weekly,1.0e6,0.7008502703186132,1.024825722179482,-0.14766452532845153,66482.75735602659
"(0.8, 0.2)",black_litterman,biweekly,10000.0,0.6320745605428078,0.9499547743123518,-0.14785975647551164,1117.372885260145
"(0.8, 0.2)",black_litterman,biweekly,100000.0,0.7076864194148889,1.0322384107076048,-0.1466698231010416,5766.778905020129
"(0.8, 0.2)",black_litterman,biweekly,1.0e6,0.714722704666847,1.040096829389305,-0.1465577361316721,52572.82418859966
"(0.8, 0.2)",black_litterman,monthly,10000.0,0.681669839929026,1.0059602596162756,-0.14657998560601548,735.733121261956
"(0.8, 0.2)",black_litterman,monthly,100000.0,0.7180839263124623,1.0440077976621467,-0.14614630170118614,4723.636950843695
"(0.8, 0.2)",black_litterman,monthly,1.0e6,0.7212059865831397,1.0475945412066872,-0.14610756316909357,44909.40057986745
"(0.8, 0.2)",risk_parity,daily,10000.0,-0.43630589603381154,-2.018456329764947,-0.43821190037997027,6403.948296574012
"(0.8, 0.2)",risk_parity,daily,100000.0,0.18268163509831248,0.6405760712000795,-0.07720668501258121,10336.635837511103
"(0.8, 0.2)",risk_parity,daily,1.0e6,0.2439586347850129,0.8233105793634445,-0.07374264550917986,50157.43634304409
"(0.8, 0.2)",risk_parity,weekly,10000.0,0.12319436709893838,0.4527716981238032,-0.08297965650694572,1511.9644270562146
"(0.8, 0.2)",risk_parity,weekly,100000.0,0.2473900414526946,0.8275786181352549,-0.07368622378872736,4312.012211296314
"(0.8, 0.2)",risk_parity,weekly,1.0e6,0.25926702306419735,0.8628376502479309,-0.07298976197445395,32734.42818477931
"(0.8, 0.2)",risk_parity,biweekly,10000.0,0.19549089965574895,0.6745597791855468,-0.07680098343542918,873.5875976267589
"(0.8, 0.2)",risk_parity,biweekly,100000.0,0.2575907839700624,0.8564457246779872,-0.07324828868094613,3327.114014219887
"(0.8, 0.2)",risk_parity,biweekly,1.0e6,0.263261062607435,0.8739671182537087,-0.0728996360634605,28275.96804261874
"(0.8, 0.2)",risk_parity,monthly,10000.0,0.23319252563037263,0.7875511742228681,-0.07422463607273189,539.5989693275728
"(0.8, 0.2)",risk_parity,monthly,100000.0,0.2631606590684632,0.8721201931498669,-0.07269751432825156,2774.1999058263373
"(0.8, 0.2)",risk_parity,monthly,1.0e6,0.26560675119942,0.880204622474805,-0.07254743192685431,25535.94299670683
"(0.6, 0.4)",buy_hold,none,10000.0,0.6554746287734419,1.0984153719798582,-0.12061806121745033,12.36431676725155
"(0.6, 0.4)",buy_hold,none,100000.0,0.6562391196364603,1.0984153719798584,-0.12061806121745045,77.52070774304339
"(0.6, 0.4)",buy_hold,none,1.0e6,0.6559157206343631,1.098415371979856,-0.12061806121745033,970.3167672515498
"(0.7, 0.3)",buy_hold,none,10000.0,0.7456073861307031,1.1020286296204258,-0.137507732289481,12.336966602976151
"(0.7, 0.3)",buy_hold,none,100000.0,0.7464238337328646,1.1020286296204236,-0.13750773228948077,76.65581960814313
"(0.7, 0.3)",buy_hold,none,1.0e6,0.746115513541223,1.1020286296204262,-0.137507732289481,942.9666029761524
"(0.8, 0.2)",buy_hold,none,10000.0,0.8357380498449283,1.102748765448952,-0.15334094814114396,12.323692890932126
"(0.8, 0.2)",buy_hold,none,100000.0,0.8366019271486669,1.102748765448956,-0.15334094814114385,76.23606797749979
"(0.8, 0.2)",buy_hold,none,1.0e6,0.8362943700177183,1.1027487654489498,-0.15334094814114396,929.6928909321251
