date,adjclose
2021-09-07,212.17544555664062
2021-09-08,209.8605194091797
2021-09-09,209.75746154785156
2021-09-10,207.70494079589844
2021-09-13,208.8858642578125
2021-09-14,206.22415161132812
2021-09-15,208.0891876220703
2021-09-16,208.23919677734375
2021-09-17,208.51092529296875
2021-09-20,203.5531005859375
2021-09-21,203.86236572265625
2021-09-22,207.0301513671875
2021-09-23,210.6946563720703
2021-09-24,209.67843627929688
2021-09-27,212.86524963378906
2021-09-28,208.02398681640625
2021-09-29,207.5821533203125
2021-09-30,205.63624572753906
2021-10-01,208.95465087890625
2021-10-04,207.05572509765625
2021-10-05,207.77017211914062
2021-10-06,206.68910217285156
2021-10-07,209.87586975097656
2021-10-08,208.29660034179688
2021-10-11,207.1027374267578
2021-10-12,208.24017333984375
2021-10-13,209.22726440429688
2021-10-14,212.3293914794922
2021-10-15,211.66195678710938
2021-10-18,211.5397491455078
2021-10-19,212.3293914794922
2021-10-20,213.73951721191406
2021-10-21,214.28469848632812
2021-10-22,213.77706909179688
2021-10-25,215.80764770507812
2021-10-26,214.18125915527344
2021-10-27,210.2424774169922
2021-10-28,214.4351348876953
2021-10-29,214.3787384033203
2021-11-01,219.9344482421875
2021-11-02,220.39503479003906
2021-11-03,224.3338623046875
2021-11-04,224.2492218017578
2021-11-05,227.31382751464844
2021-11-08,228.01885986328125
2021-11-09,226.69342041015625
2021-11-10,223.12124633789062
2021-11-11,224.9167022705078
2021-11-12,225.14230346679688
2021-11-15,224.2492218017578
2021-11-16,224.66290283203125
2021-11-17,221.7205352783203
2021-11-18,220.7804718017578
2021-11-19,218.76878356933594
2021-11-22,217.83811950683594
2021-11-23,217.46206665039062
2021-11-24,217.6970977783203
2021-11-26,209.49046325683594
2021-11-29,209.35885620117188
2021-11-30,205.09100341796875
2021-12-01,200.47535705566406
2021-12-02,206.06869506835938
2021-12-03,201.8384552001953
2021-12-06,205.89007568359375
2021-12-07,210.66552734375
2021-12-08,212.1038055419922
2021-12-09,207.30015563964844
2021-12-10,206.72669982910156
2021-12-13,203.7056121826172
2021-12-14,201.95181274414062
2021-12-15,205.15773010253906
2021-12-16,201.0089569091797
2021-12-17,202.85702514648438
2021-12-20,200.00946044921875
2021-12-21,205.72341918945312
2021-12-22,207.7035675048828
2021-12-23,209.36309814453125
2021-12-27,211.32431030273438
2021-12-28,210.0325469970703
2021-12-29,210.2588348388672
2021-12-30,210.2022705078125
2021-12-31,209.74966430664062
2022-01-03,212.45579528808594
2022-01-04,212.13522338867188
2022-01-05,204.9502716064453
2022-01-06,206.11949157714844
2022-01-07,203.73391723632812
2022-01-10,203.02674865722656
2022-01-11,205.18603515625
2022-01-12,203.65847778320312
2022-01-13,201.79156494140625
2022-01-14,202.0743865966797
2022-01-18,195.96438598632812
2022-01-19,192.77734375
2022-01-20,189.28857421875
2022-01-21,185.74327087402344
2022-01-24,190.02401733398438
2022-01-25,187.4876251220703
2022-01-26,184.781494140625
2022-01-27,180.58560180664062
2022-01-28,184.1026153564453
2022-01-31,189.75062561035156
2022-02-01,191.74957275390625
2022-02-02,189.84490966796875
2022-02-03,186.25242614746094
2022-02-04,187.05389404296875
2022-02-07,187.9779510498047
2022-02-08,191.1837921142578
2022-02-09,194.81399536132812
2022-02-10,191.82501220703125
2022-02-11,189.8826446533203
2022-02-14,189.22254943847656
2022-02-15,194.29544067382812
2022-02-16,194.7008514404297
2022-02-17,189.71290588378906
2022-02-18,188.08168029785156
2022-02-22,185.4320831298828
2022-02-23,181.96218872070312
2022-02-24,186.73329162597656
2022-02-25,190.93869018554688
2022-02-28,191.7118682861328
2022-03-01,188.10057067871094
2022-03-02,192.57933044433594
2022-03-03,190.2974853515625
2022-03-04,187.3179168701172
2022-03-07,182.65992736816406
2022-03-08,183.66885375976562
2022-03-09,188.8454132080078
2022-03-10,188.50599670410156
2022-03-11,185.4980926513672
2022-03-14,181.7076416015625
2022-03-15,184.6023406982422
2022-03-16,190.41064453125
2022-03-17,193.39968872070312
2022-03-18,195.43634033203125
2022-03-21,193.7108154296875
2022-03-22,195.65318298339844
2022-03-23,192.2587432861328
2022-03-24,194.46946716308594
2022-03-25,194.7340087890625
2022-03-28,194.80015563964844
2022-03-29,200.01524353027344
2022-03-30,196.00001525878906
2022-03-31,193.93096923828125
2022-04-01,196.1039276123047
2022-04-04,196.4251708984375
2022-04-05,191.77691650390625
2022-04-06,189.05599975585938
2022-04-07,188.44192504882812
2022-04-08,186.9397735595703
2022-04-11,185.6831817626953
2022-04-12,186.2689666748047
2022-04-13,189.81182861328125
2022-04-14,187.9695587158203
2022-04-18,186.70355224609375
2022-04-19,190.42591857910156
2022-04-20,191.1533660888672
2022-04-21,186.87364196777344
2022-04-22,182.0364227294922
2022-04-25,183.14183044433594
2022-04-26,177.36932373046875
2022-04-27,176.6324005126953
2022-04-28,179.92962646484375
2022-04-29,174.7334442138672
2022-05-02,176.56626892089844
2022-05-03,178.07789611816406
2022-05-04,182.83001708984375
2022-05-05,175.41366577148438
2022-05-06,172.49435424804688
2022-05-09,165.2386016845703
2022-05-10,165.2858428955078
2022-05-11,161.17616271972656
2022-05-12,163.06565856933594
2022-05-13,168.2334747314453
2022-05-16,167.430419921875
2022-05-17,172.551025390625
2022-05-18,166.5045928955078
2022-05-19,166.77854919433594
2022-05-20,166.3533935546875
2022-05-23,168.36575317382812
2022-05-24,165.8716278076172
2022-05-25,168.85704040527344
2022-05-26,172.62664794921875
2022-05-27,177.2748565673828
2022-05-31,175.07354736328125
2022-06-01,174.08152770996094
2022-06-02,178.33297729492188
2022-06-03,176.7268829345703
2022-06-06,177.49212646484375
2022-06-07,180.3547821044922
2022-06-08,177.5677032470703
2022-06-09,173.88671875
2022-06-10,169.1693878173828
2022-06-13,161.22195434570312
2022-06-14,160.44525146484375
2022-06-15,162.79444885253906
2022-06-16,155.25430297851562
2022-06-17,156.46676635742188
2022-06-21,159.27064514160156
2022-06-22,158.96754455566406
2022-06-23,160.8715362548828
2022-06-24,165.85401916503906
2022-06-27,166.46975708007812
2022-06-28,163.34384155273438
2022-06-29,161.68612670898438
2022-06-30,160.42628479003906
2022-07-01,162.3681640625
2022-07-05,163.71327209472656
2022-07-06,162.50076293945312
2022-07-07,166.34658813476562
2022-07-08,166.32765197753906
2022-07-11,162.98385620117188
2022-07-12,162.42498779296875
2022-07-13,162.2829132080078
2022-07-14,160.6157684326172
2022-07-15,163.95950317382812
2022-07-18,163.49539184570312
2022-07-19,169.26416015625
2022-07-20,171.9164276123047
2022-07-21,172.79737854003906
2022-07-22,170.04086303710938
2022-07-25,170.92181396484375
2022-07-26,169.87034606933594
2022-07-27,173.73516845703125
2022-07-28,176.12222290039062
2022-07-29,177.37257385253906
2022-08-01,177.3062744140625
2022-08-02,177.1357879638672
2022-08-03,179.74072265625
2022-08-04,179.36180114746094
2022-08-05,180.73533630371094
2022-08-08,182.64877319335938
2022-08-09,180.1575164794922
2022-08-10,185.30108642578125
2022-08-11,185.99256896972656
2022-08-12,189.7910614013672
2022-08-15,190.46360778808594
2022-08-16,190.38783264160156
2022-08-17,187.18609619140625
2022-08-18,188.42698669433594
2022-08-19,184.38223266601562
2022-08-22,180.58377075195312
2022-08-23,180.87742614746094
2022-08-24,182.26039123535156
2022-08-25,185.0926055908203
2022-08-26,179.0113067626953
2022-08-29,177.36314392089844
2022-08-30,174.88133239746094
2022-08-31,173.82041931152344
2022-09-01,171.9259033203125
2022-09-02,170.59027099609375
2022-09-06,168.90415954589844
2022-09-07,172.5795135498047
2022-09-08,174.0193328857422
2022-09-09,177.5146942138672
2022-09-12,179.6649627685547
2022-09-13,172.6363525390625
2022-09-14,173.30889892578125
2022-09-15,172.04904174804688
2022-09-16,169.54830932617188
2022-09-19,170.99758911132812
2022-09-20,168.6673583984375
2022-09-21,166.09083557128906
2022-09-22,162.34922790527344
2022-09-23,158.48440551757812
2022-09-26,156.31446838378906
2022-09-27,156.84765625
2022-09-28,161.80836486816406
2022-09-29,158.1807098388672
2022-09-30,157.02857971191406
2022-10-03,161.18946838378906
2022-10-04,167.57839965820312
2022-10-05,166.34059143066406
2022-10-06,165.40748596191406
2022-10-07,160.54202270507812
2022-10-10,159.64697265625
2022-10-11,159.69456481933594
2022-10-12,159.25660705566406
2022-10-13,163.19851684570312
2022-10-14,158.82814025878906
2022-10-17,163.89361572265625
2022-10-18,165.8359832763672
2022-10-19,163.0176239013672
2022-10-20,160.9419403076172
2022-10-21,164.43630981445312
2022-10-24,165.14088439941406
2022-10-25,169.64459228515625
2022-10-26,170.48248291015625
2022-10-27,170.52053833007812
2022-10-28,174.39581298828125
2022-10-31,174.55764770507812
2022-11-01,174.79571533203125
2022-11-02,168.99713134765625
2022-11-03,167.86404418945312
2022-11-04,170.13018798828125
2022-11-07,170.90142822265625
2022-11-08,170.9680633544922
2022-11-09,166.2739715576172
2022-11-10,176.50961303710938
2022-11-11,177.95681762695312
2022-11-14,175.96685791015625
2022-11-15,178.57574462890625
2022-11-16,175.43365478515625
2022-11-17,173.80545043945312
2022-11-18,174.92901611328125
2022-11-21,174.0149383544922
2022-11-22,175.8716278076172
2022-11-23,176.32867431640625
2022-11-25,176.70001220703125
2022-11-28,173.13897705078125
2022-11-29,173.64358520507812
2022-11-30,178.40435791015625
2022-12-01,178.0139617919922
2022-12-02,179.0518035888672
2022-12-05,174.11965942382812
2022-12-06,171.4536590576172
2022-12-07,170.94900512695312
2022-12-08,172.1868133544922
2022-12-09,170.07301330566406
2022-12-12,172.07257080078125
2022-12-13,173.49783325195312
2022-12-14,172.3595428466797
2022-12-15,168.0455322265625
2022-12-16,166.79241943359375
2022-12-19,164.5349884033203
2022-12-20,165.4054412841797
2022-12-21,168.2559356689453
2022-12-22,166.05593872070312
2022-12-23,166.81158447265625
2022-12-27,165.6924285888672
2022-12-28,163.1193084716797
2022-12-29,167.25157165527344
2022-12-30,166.7828826904297
2023-01-03,165.86459350585938
2023-01-04,167.93072509765625
2023-01-05,166.13243103027344
2023-01-06,169.86294555664062
2023-01-09,170.14993286132812
2023-01-10,172.66561889648438
2023-01-11,174.8178253173828
2023-01-12,177.75442504882812
2023-01-13,178.92141723632812
2023-01-17,178.701416015625
2023-01-18,175.81263732910156
2023-01-19,174.12908935546875
2023-01-20,176.9987335205078
2023-01-23,179.189208984375
2023-01-24,178.80661010742188
2023-01-25,179.3040313720703
2023-01-26,180.3657684326172
2023-01-27,181.3414764404297
2023-01-30,178.8162078857422
2023-01-31,183.1588897705078
2023-02-01,186.0380859375
2023-02-02,189.70166015625
2023-02-03,188.42945861816406
2023-02-06,185.70327758789062
2023-02-07,187.0807342529297
2023-02-08,184.34500122070312
2023-02-09,181.67628479003906
2023-02-10,182.03973388671875
2023-02-13,184.23023986816406
2023-02-14,184.1441192626953
2023-02-15,186.00942993164062
2023-02-16,184.23023986816406
2023-02-17,184.73721313476562
2023-02-21,179.2848663330078
2023-02-22,179.77272033691406
2023-02-23,181.0544891357422
2023-02-24,179.3614044189453
2023-02-27,179.99273681640625
2023-02-28,180.00228881835938
2023-03-01,180.2318572998047
2023-03-02,180.6622772216797
2023-03-03,183.1780242919922
2023-03-06,180.49969482421875
2023-03-07,178.40489196777344
2023-03-08,178.49095153808594
2023-03-09,173.5264892578125
2023-03-10,168.52378845214844
2023-03-13,165.7784881591797
2023-03-14,168.84898376464844
2023-03-15,166.06546020507812
2023-03-16,168.33245849609375
2023-03-17,163.78890991210938
2023-03-20,165.91241455078125
2023-03-21,168.9733123779297
2023-03-22,164.1810760498047
2023-03-23,163.45237731933594
2023-03-24,164.930908203125
2023-03-27,166.76466369628906
2023-03-28,166.5246124267578
2023-03-29,168.4159393310547
2023-03-30,168.185546875
2023-03-31,171.27696228027344
2023-04-03,171.353759765625
2023-04-04,168.34873962402344
2023-04-05,166.69741821289062
2023-04-06,166.94705200195312
2023-04-10,168.73277282714844
2023-04-11,170.06727600097656
2023-04-12,168.8191680908203
2023-04-13,171.05615234375
2023-04-14,169.46243286132812
2023-04-17,171.64178466796875
2023-04-18,170.91213989257812
2023-04-19,171.13296508789062
2023-04-20,170.2497100830078
2023-04-21,170.47048950195312
2023-04-24,170.35531616210938
2023-04-25,166.1501922607422
2023-04-26,164.546875
2023-04-27,166.7454376220703
2023-04-28,168.20472717285156
2023-05-01,168.3007354736328
2023-05-02,164.84449768066406
2023-05-03,165.44932556152344
2023-05-04,163.59637451171875
2023-05-05,167.4846954345703
2023-05-08,167.1006622314453
2023-05-09,166.6013946533203
2023-05-10,167.44630432128906
2023-05-11,166.1597900390625
2023-05-12,165.82376098632812
2023-05-15,167.8494873046875
2023-05-16,165.4012908935547
2023-05-17,169.08799743652344
2023-05-18,170.1152801513672
2023-05-19,169.07838439941406
2023-05-22,171.14256286621094
2023-05-23,170.33609008789062
2023-05-24,168.53115844726562
2023-05-25,167.2158660888672
2023-05-26,169.11680603027344
2023-05-30,168.49276733398438
2023-05-31,166.8318328857422
2023-06-01,168.6367645263672
2023-06-02,174.75241088867188
2023-06-05,172.40985107421875
2023-06-06,176.9509735107422
2023-06-07,180.26182556152344
2023-06-08,179.58790588378906
2023-06-09,178.1342010498047
2023-06-12,178.87550354003906
2023-06-13,180.92611694335938
2023-06-14,178.98141479492188
2023-06-15,180.45437622070312
2023-06-16,179.01028442382812
2023-06-20,178.23045349121094
2023-06-21,177.81649780273438
2023-06-22,176.49752807617188
2023-06-23,173.84043884277344
2023-06-26,174.0137176513672
2023-06-27,176.52647399902344
2023-06-28,177.39288330078125
2023-06-29,179.43385314941406
2023-06-30,180.2907257080078
2023-07-03,180.6565399169922
2023-07-05,178.8562469482422
2023-07-06,175.9680938720703
2023-07-07,177.8261260986328
2023-07-10,180.8683624267578
2023-07-11,182.7264404296875
2023-07-12,184.71929931640625
2023-07-13,186.21151733398438
2023-07-14,184.3919677734375
2023-07-17,186.36557006835938
2023-07-18,188.66647338867188
2023-07-19,189.4655303955078
2023-07-20,187.80966186523438
2023-07-21,187.21278381347656
2023-07-24,187.67486572265625
2023-07-25,187.65562438964844
2023-07-26,189.1382598876953
2023-07-27,186.69287109375
2023-07-28,189.1093292236328
2023-07-31,191.30438232421875
2023-08-01,190.4282989501953
2023-08-02,187.83851623535156
2023-08-03,187.30905151367188
2023-08-04,186.93359375
2023-08-07,187.0587158203125
2023-08-08,185.88417053222656
2023-08-09,184.43048095703125
2023-08-10,183.61216735839844
2023-08-11,183.8721160888672
2023-08-14,183.55438232421875
2023-08-15,181.1282958984375
2023-08-16,178.9140167236328
2023-08-17,176.80563354492188
2023-08-18,177.7683563232422
2023-08-21,177.5084228515625
2023-08-22,176.9789276123047
2023-08-23,178.86585998535156
2023-08-24,176.39163208007812
2023-08-25,177.142578125
2023-08-28,178.7214813232422
2023-08-29,181.2149200439453
2023-08-30,181.89846801757812
2023-08-31,181.58079528808594
2023-09-01,183.73728942871094
2023-09-05,179.86712646484375
2023-09-06,179.19322204589844
2023-09-07,177.46029663085938
2023-09-08,177.06558227539062
2023-09-11,177.48915100097656
2023-09-12,177.31590270996094
2023-09-13,176.15098571777344
2023-09-14,178.6348419189453
2023-09-15,176.76712036132812
2023-09-18,175.59259033203125
2023-09-19,174.90904235839844
2023-09-20,173.15689086914062
2023-09-21,170.4708709716797
2023-09-22,170.0857696533203
2023-09-25,170.8463134765625
2023-09-26,168.64967346191406
2023-09-27,170.22630310058594
2023-09-28,171.76422119140625
2023-09-29,170.95175170898438
2023-10-02,168.3691864013672
2023-10-03,165.53512573242188
2023-10-04,165.61253356933594
2023-10-05,165.73828125
2023-10-06,167.334228515625
2023-10-09,168.30148315429688
2023-10-10,170.20700073242188
2023-10-11,169.9167938232422
2023-10-12,166.0768280029297
2023-10-13,164.69363403320312
2023-10-16,167.35357666015625
2023-10-17,169.22036743164062
2023-10-18,165.73828125
2023-10-19,163.09768676757812
2023-10-20,160.9890594482422
2023-10-23,159.62522888183594
2023-10-24,161.01809692382812
2023-10-25,158.358154296875
2023-10-26,158.764404296875
2023-10-27,156.89761352539062
2023-10-30,157.76815795898438
2023-10-31,159.13197326660156
2023-11-01,160.0411834716797
2023-11-02,164.30673217773438
2023-11-03,168.77542114257812
2023-11-06,166.6668243408203
2023-11-07,166.0768280029297
2023-11-08,164.30673217773438
2023-11-09,161.76287841796875
2023-11-10,163.57162475585938
2023-11-13,163.62966918945312
2023-11-14,172.61541748046875
2023-11-15,172.91525268554688
2023-11-16,170.11993408203125
2023-11-17,172.4510040283203
2023-11-20,173.45693969726562
2023-11-21,171.2225799560547
2023-11-22,172.29624938964844
2023-11-24,173.45693969726562
2023-11-27,172.87657165527344
2023-11-28,172.2091827392578
2023-11-29,173.11837768554688
2023-11-30,173.77610778808594
2023-12-01,178.8541717529297
2023-12-04,180.7693328857422
2023-12-05,178.35121154785156
2023-12-06,178.03201293945312
2023-12-07,179.3184814453125
2023-12-08,180.68228149414062
2023-12-11,181.05950927734375
2023-12-12,180.87574768066406
2023-12-13,186.9984130859375
2023-12-14,192.2022247314453
2023-12-15,190.58692932128906
2023-12-18,190.65463256835938
2023-12-19,194.34951782226562
2023-12-20,190.54783630371094
2023-12-21,193.7903289794922
2023-12-22,195.59600830078125
2023-12-26,198.13951110839844
2023-12-27,198.83848571777344
2023-12-28,198.08126831054688
2023-12-29,194.84852600097656
2024-01-02,193.6932830810547
2024-01-03,188.5286407470703
2024-01-04,188.1597442626953
2024-01-05,187.60635375976562
2024-01-08,190.9847412109375
2024-01-09,189.2761688232422
2024-01-10,189.3829345703125
2024-01-11,187.89761352539062
2024-01-12,187.58692932128906
2024-01-16,185.2667236328125
2024-01-17,183.9464874267578
2024-01-18,185.0337371826172
2024-01-19,186.81031799316406
2024-01-22,190.80026245117188
2024-01-23,190.24693298339844
2024-01-24,188.68397521972656
2024-01-25,190.24693298339844
2024-01-26,190.25662231445312
2024-01-29,193.5864715576172
2024-01-30,191.93612670898438
2024-01-31,187.24716186523438
2024-02-01,189.73243713378906
2024-02-02,188.73251342773438
2024-02-05,186.33460998535156
2024-02-06,188.01409912109375
2024-02-07,187.57725524902344
2024-02-08,190.42169189453125
2024-02-09,193.51849365234375
2024-02-12,197.03277587890625
2024-02-13,188.9266357421875
2024-02-14,193.31466674804688
2024-02-15,198.4695587158203
2024-02-16,195.77076721191406
2024-02-20,193.07192993164062
2024-02-21,192.15939331054688
2024-02-22,193.61558532714844
2024-02-23,194.05250549316406
2024-02-26,195.275634765625
2024-02-27,198.04244995117188
2024-02-28,196.41151428222656
2024-02-29,197.78030395507812
2024-03-01,199.87722778320312
2024-03-04,199.6927947998047
2024-03-05,197.78030395507812
2024-03-06,199.2559356689453
2024-03-07,200.9159698486328
2024-03-08,200.789794921875
2024-03-11,199.1976776123047
2024-03-12,198.9258575439453
2024-03-13,199.70248413085938
2024-03-14,196.1299591064453
2024-03-15,196.49887084960938
2024-03-18,195.3727569580078
2024-03-19,196.19790649414062
2024-03-20,200.0811004638672
2024-03-21,202.3799591064453
2024-03-22,199.5867156982422
2024-03-25,200.0441436767578
2024-03-26,199.6840057373047
2024-03-27,204.03453063964844
2024-03-28,204.6768341064453
2024-04-01,202.7498016357422
2024-04-02,199.0221710205078
2024-04-03,200.32635498046875
2024-04-04,198.3214569091797
2024-04-05,198.98330688476562
2024-04-08,200.07333374023438
2024-04-09,200.8616485595703
2024-04-10,195.55738830566406
2024-04-11,196.88101196289062
2024-04-12,193.37728881835938
2024-04-15,190.54507446289062
2024-04-16,189.84434509277344
2024-04-17,187.83944702148438
2024-04-18,187.68373107910156
2024-04-19,187.97564697265625
2024-04-22,190.07791137695312
2024-04-23,193.26048278808594
2024-04-24,192.39427185058594
2024-04-25,191.2263641357422
2024-04-26,193.0561065673828
2024-04-29,194.61329650878906
2024-04-30,190.66188049316406
2024-05-01,191.06094360351562
2024-05-02,194.5743865966797
2024-05-03,196.50143432617188
2024-05-06,199.04168701171875
2024-05-07,199.48936462402344
2024-05-08,198.33119201660156
2024-05-09,200.35557556152344
2024-05-10,198.8470001220703
2024-05-13,199.26553344726562
2024-05-14,201.3288116455078
2024-05-15,203.83984375
2024-05-16,202.37020874023438
2024-05-17,202.51622009277344
2024-05-20,202.9639129638672
2024-05-21,202.769287109375
2024-05-22,201.0563201904297
2024-05-23,197.7569580078125
2024-05-24,199.9468231201172
2024-05-28,199.67428588867188
2024-05-29,196.7252960205078
2024-05-30,198.59396362304688
2024-05-31,200.26797485351562
2024-06-03,199.1390380859375
2024-06-04,196.56959533691406
2024-06-05,199.5769500732422
2024-06-06,198.14625549316406
2024-06-07,195.82015991210938
2024-06-10,196.49171447753906
2024-06-11,195.8202362060547
2024-06-12,198.82627868652344
2024-06-13,197.08901977539062
2024-06-14,193.9561309814453
2024-06-17,195.5860137939453
2024-06-18,195.92759704589844
2024-06-20,195.09800720214844
2024-06-21,195.53721618652344
2024-06-24,196.38632202148438
2024-06-25,195.7421875
2024-06-26,195.2249298095703
2024-06-27,197.20614624023438
2024-06-28,198.01622009277344
2024-07-01,196.35702514648438
2024-07-02,197.0304718017578
2024-07-03,196.98165893554688
2024-07-05,196.0447235107422
2024-07-08,197.42086791992188
2024-07-09,196.56199645996094
2024-07-10,198.48464965820312
2024-07-11,205.6190643310547
2024-07-12,208.0199432373047
2024-07-15,211.97268676757812
2024-07-16,219.20469665527344
2024-07-17,216.9111328125
2024-07-18,212.7144317626953
2024-07-19,211.631103515625
2024-07-22,214.99819946289062
2024-07-23,217.28201293945312
2024-07-24,212.6168670654297
2024-07-25,215.27149963378906
2024-07-26,218.83383178710938
2024-07-29,216.4036102294922
2024-07-30,217.2234649658203
2024-07-31,218.48245239257812
2024-08-01,211.37734985351562
2024-08-02,203.90138244628906
2024-08-05,197.3427734375
2024-08-06,199.48992919921875
2024-08-07,197.12808227539062
2024-08-08,201.9201202392578
2024-08-09,201.5004425048828
2024-08-12,199.6851348876953
2024-08-13,202.97418212890625
2024-08-14,201.71514892578125
2024-08-15,206.9464111328125
2024-08-16,207.49295043945312
2024-08-19,210.0304718017578
2024-08-20,207.58079528808594
2024-08-21,210.28424072265625
2024-08-22,208.42987060546875
2024-08-23,215.0860595703125
2024-08-26,215.1543731689453
2024-08-27,213.48544311523438
2024-08-28,212.04098510742188
2024-08-29,213.55377197265625
2024-08-30,214.7932586669922
2024-09-03,208.22494506835938
2024-09-04,207.8735809326172
2024-09-05,206.83905029296875
2024-09-06,202.9058380126953
2024-09-09,203.471923828125
2024-09-10,203.30601501464844
2024-09-11,203.90138244628906
2024-09-12,206.5267333984375
2024-09-13,211.621337890625
2024-09-16,212.38258361816406
2024-09-17,214.1393585205078
2024-09-18,214.1783905029297
2024-09-19,218.5897979736328
2024-09-20,216.2474822998047
2024-09-23,215.45693969726562
2024-09-24,215.8180389404297
2024-09-25,213.18568420410156
2024-09-26,214.32167053222656
2024-09-27,215.77102661132812
2024-09-30,216.3194580078125
2024-10-01,213.3815155029297
2024-10-02,213.0877227783203
2024-10-03,211.65792846679688
2024-10-04,214.61544799804688
2024-10-07,212.93101501464844
2024-10-08,213.0779571533203
2024-10-09,213.54800415039062
2024-10-10,212.36305236816406
2024-10-11,216.6818084716797
2024-10-14,218.27806091308594
2024-10-15,218.45437622070312
2024-10-16,222.04840087890625
2024-10-17,221.4412384033203
2024-10-18,220.98097229003906
2024-10-21,217.5044403076172
2024-10-22,216.6818084716797
2024-10-23,214.70359802246094
2024-10-24,215.1736602783203
2024-10-25,214.36083984375
2024-10-28,217.85699462890625
2024-10-29,217.15187072753906
2024-10-30,216.85806274414062
2024-10-31,213.2541961669922
2024-11-01,214.44898986816406
2024-11-04,215.53599548339844
2024-11-05,219.59034729003906
2024-11-06,232.31158447265625
2024-11-07,231.48895263671875
2024-11-08,233.1929473876953
2024-11-11,236.6988525390625
2024-11-12,232.5465850830078
2024-11-13,230.24520874023438
2024-11-14,227.14080810546875
2024-11-15,223.7523956298828
2024-11-18,224.19309997558594
2024-11-19,225.85794067382812
2024-11-20,226.1516876220703
2024-11-21,229.58908081054688
2024-11-22,233.82949829101562
2024-11-25,237.3843536376953
2024-11-26,235.6411895751953
2024-11-27,235.96438598632812
2024-11-29,236.86534118652344
2024-12-02,236.74781799316406
2024-12-03,235.0634307861328
2024-12-04,235.9056396484375
2024-12-05,233.15374755859375
2024-12-06,233.98617553710938
2024-12-09,232.81101989746094
2024-12-10,231.8023223876953
2024-12-11,232.85018920898438
2024-12-12,229.8240966796875
2024-12-13,228.2474365234375
2024-12-16,229.58908081054688
2024-12-17,226.96067810058594
2024-12-18,216.91261291503906
2024-12-19,215.95004272460938
2024-12-20,217.97340393066406
2024-12-23,217.47247314453125
2024-12-24,219.41725158691406
2024-12-26,221.66651916503906
2024-12-27,218.43504333496094
2024-12-30,216.7554473876953
2024-12-31,217.03048706054688
2025-01-02,217.207275390625
2025-01-03,220.4387664794922
2025-01-06,220.5271759033203
2025-01-07,218.75917053222656
2025-01-08,217.76715087890625
2025-01-10,212.9739227294922
2025-01-13,213.38645935058594
2025-01-14,215.81253051757812
2025-01-15,220.05567932128906
2025-01-16,220.49769592285156
2025-01-17,221.45045471191406
2025-01-21,225.7034454345703
2025-01-22,224.23013305664062
2025-01-23,225.25164794921875
2025-01-24,224.62298583984375
2025-01-27,222.47195434570312
2025-01-28,222.71751403808594
2025-01-29,222.20677185058594
2025-01-30,224.46583557128906
2025-01-31,222.45230102539062
2025-02-03,219.8494415283203
2025-02-04,222.894287109375
2025-02-05,225.32037353515625
2025-02-06,224.58367919921875
2025-02-07,221.98085021972656
2025-02-10,222.98269653320312
2025-02-11,221.68617248535156
2025-02-12,219.64312744140625
2025-02-13,222.1183624267578
2025-02-14,221.9513702392578
2025-02-18,223.16934204101562
2025-02-19,222.4031982421875
2025-02-20,220.2717742919922
2025-02-21,213.92669677734375
2025-02-24,212.3845977783203
2025-02-25,211.5791778564453
2025-02-26,211.8443603515625
2025-02-27,208.6128692626953
2025-02-28,210.8326873779297
2025-03-03,205.06707763671875
2025-03-04,202.74903869628906
2025-03-05,204.76258850097656
2025-03-06,201.62933349609375
2025-03-07,202.28741455078125
2025-03-10,197.1995391845703
2025-03-11,197.17987060546875
2025-03-12,197.52366638183594
2025-03-13,194.57701110839844
2025-03-14,199.28182983398438
2025-03-17,201.7963104248047
2025-03-18,200.04403686523438
2025-03-19,203.15480041503906
2025-03-20,201.86520385742188
2025-03-21,200.61500549316406
2025-03-24,205.60601806640625
2025-03-25,204.4640655517578
2025-03-26,202.38694763183594
2025-03-27,201.42222595214844
2025-03-28,197.3270263671875
2025-03-31,196.3820037841797
2025-04-01,196.40167236328125
2025-04-02,199.50259399414062
2025-04-03,186.69528198242188
2025-04-04,178.36709594726562
2025-04-07,176.7526397705078
2025-04-08,172.09634399414062
2025-04-09,186.72482299804688
2025-04-10,178.87901306152344
2025-04-11,181.48773193359375
2025-04-14,183.6239013671875
2025-04-15,183.85032653808594
2025-04-16,182.08822631835938
2025-04-17,183.57467651367188
2025-04-21,179.89295959472656
2025-04-22,184.5492706298828
2025-04-23,187.28594970703125
2025-04-24,191.0365753173828
2025-04-25,191.0956268310547
2025-04-28,191.90286254882812
2025-04-29,193.03494262695312
2025-04-30,191.8241424560547
2025-05-01,193.01528930664062
2025-05-02,197.3565673828125
2025-05-05,195.84054565429688
2025-05-06,193.70436096191406
2025-05-07,194.34425354003906
2025-05-08,198.045654296875
2025-05-09,197.68142700195312
2025-05-12,204.6314239501953
2025-05-13,205.3795928955078
2025-05-14,203.5584259033203
2025-05-15,204.88739013671875
2025-05-16,206.58058166503906
2025-05-19,205.71429443359375
2025-05-20,205.82260131835938
2025-05-21,200.04403686523438
2025-05-22,200.0341796875
2025-05-23,199.40415954589844
2025-05-27,204.4640655517578
2025-05-28,202.3081817626953
2025-05-29,202.90870666503906
2025-05-30,201.8750762939453
2025-06-02,202.5050811767578
2025-06-03,205.7733612060547
2025-06-04,205.1925506591797
2025-06-05,205.28115844726562
2025-06-06,208.5986328125
2025-06-09,210.035888671875
2025-06-10,211.16798400878906
2025-06-11,210.3016815185547
2025-06-12,209.4649200439453
2025-06-13,205.63552856445312
2025-06-16,208.05995178222656
2025-06-17,205.86851501464844
2025-06-18,206.95436096191406
2025-06-20,206.52001953125
2025-06-23,209.04710388183594
2025-06-24,211.71238708496094
2025-06-25,209.24453735351562
2025-06-26,212.6403045654297
2025-06-27,212.70938110351562
2025-06-30,213.01541137695312
2025-07-01,215.2068634033203
2025-07-02,218.1880340576172
2025-07-03,220.211669921875
2025-07-07,216.90475463867188
2025-07-08,218.40521240234375
2025-07-09,220.7743682861328
2025-07-10,221.90956115722656
2025-07-11,218.84942626953125
2025-07-14,220.3202667236328
2025-07-15,216.00645446777344
2025-07-16,218.1781768798828
2025-07-17,221.04087829589844
2025-07-18,219.4713134765625
2025-07-21,218.5828857421875
2025-07-22,220.39923095703125
2025-07-23,223.76539611816406
2025-07-24,220.67564392089844
2025-07-25,221.49496459960938
2025-07-28,221.23829650878906
2025-07-29,219.8267059326172
2025-07-30,218.7112274169922
2025-07-31,216.5691375732422
2025-08-01,212.15660095214844
2025-08-04,216.90475463867188
2025-08-05,218.01036071777344
2025-08-06,217.7240753173828
2025-08-07,217.01333618164062
2025-08-08,217.48719787597656
2025-08-11,217.4378204345703
2025-08-12,223.89370727539062
2025-08-13,228.2470245361328
2025-08-14,225.3053436279297
2025-08-15,224.20962524414062
2025-08-18,225.02894592285156
2025-08-19,223.30145263671875
2025-08-20,222.51171875
2025-08-21,223.0645294189453
2025-08-22,231.81060791015625
2025-08-25,229.3723602294922
2025-08-26,231.2676544189453
2025-08-27,232.90631103515625
2025-08-28,233.18272399902344
2025-08-29,232.146240234375
2025-09-02,230.89254760742188
2025-09-03,230.66551208496094
2025-09-04,233.54795837402344
2025-09-05,234.7128143310547
2025-09-08,235.18663024902344
2025-09-09,233.8046417236328
2025-09-10,233.3900146484375
2025-09-11,237.70384216308594
2025-09-12,235.2754669189453
2025-09-15,236.27249145507812
2025-09-16,235.8834228515625
2025-09-17,236.4873046875
2025-09-18,242.37745666503906
2025-09-19,240.53614807128906
2025-09-22,241.93197631835938
2025-09-23,241.3875274658203
2025-09-24,239.17005920410156
2025-09-25,236.88327026367188
2025-09-26,238.9126434326172
2025-09-29,239.18983459472656
2025-09-30,239.52642822265625
2025-10-01,240.0511016845703
2025-10-02,241.5657196044922
2025-10-03,243.3574981689453
2025-10-06,244.32763671875
2025-10-07,241.7042999267578
2025-10-08,244.23855590820312
2025-10-09,242.66455078125
2025-10-10,235.39834594726562
2025-10-13,241.95179748535156
2025-10-14,245.4066619873047
2025-10-15,247.812255859375
2025-10-16,242.59524536132812
2025-10-17,240.96182250976562
2025-10-20,245.6640625
2025-10-21,244.50584411621094
2025-10-22,240.89251708984375
2025-10-23,243.9415740966797
2025-10-24,246.92129516601562
2025-10-27,247.7825469970703
2025-10-28,246.45602416992188
2025-10-29,244.35733032226562
2025-10-30,242.38735961914062
2025-10-31,243.75347900390625
2025-11-03,242.971435546875
2025-11-04,238.77406311035156
2025-11-05,242.2190704345703
2025-11-06,237.9326171875
2025-11-07,239.179931640625
2025-11-10,241.5756072998047
2025-11-11,241.7834930419922
2025-11-12,241.1895294189453
2025-11-13,234.40841674804688
2025-11-14,235.09146118164062
2025-11-17,230.41893005371094
2025-11-18,231.12181091308594
2025-11-19,231.08221435546875
2025-11-20,226.8056640625
2025-11-21,233.2303924560547
2025-11-24,237.48712158203125
2025-11-25,242.66455078125
2025-11-26,244.81271362304688
2025-11-28,246.2481231689453
2025-12-01,243.14959716796875
2025-12-02,242.7041473388672
2025-12-03,247.11927795410156
2025-12-04,249.28726196289062
2025-12-05,248.24781799316406
2025-12-08,248.3468017578125
2025-12-09,248.861572265625
2025-12-10,252.24717712402344
2025-12-11,255.20709228515625
2025-12-12,251.2968292236328
2025-12-15,249.39613342285156
2025-12-16,248.2161407470703
2025-12-17,245.57408142089844
2025-12-18,247.03416442871094
2025-12-19,249.1001434326172
2025-12-22,251.87135314941406
2025-12-23,250.38145446777344
2025-12-24,251.00723266601562
2025-12-26,249.7259063720703
2025-12-29,248.19630432128906
2025-12-30,246.35874938964844
2025-12-31,244.50135803222656
2026-01-02,247.10369873046875
2026-01-05,251.02708435058594
2026-01-06,254.35450744628906
2026-01-07,253.758544921875
2026-01-08,256.5297546386719
2026-01-09,258.4765930175781
2026-01-12,259.73797607421875
2026-01-13,259.5890197753906
2026-01-14,261.4166259765625
2026-01-15,263.7209777832031
2026-01-16,263.96929931640625
2026-01-20,260.81072998046875
2026-01-21,265.9856262207031
2026-01-22,267.9721374511719
2026-01-23,263.02569580078125
2026-01-26,262.2012939453125
2026-01-27,262.94622802734375
2026-01-28,261.5258483886719
2026-01-29,261.59539794921875
2026-01-30,257.90045166015625
2026-02-02,260.4134216308594
2026-02-03,261.00933837890625
2026-02-04,258.76458740234375
2026-02-05,254.106201171875
2026-02-06,263.2342529296875
2026-02-09,265.0817565917969
2026-02-10,264.3666076660156
2026-02-11,263.1647644042969
2026-02-12,257.79119873046875
2026-02-13,261.1881408691406
2026-02-17,261.2676086425781
2026-02-18,262.211181640625
2026-02-19,262.8171081542969
2026-02-20,262.8270263671875
2026-02-23,258.7347717285156
2026-02-24,261.5556640625
2026-02-25,262.7972106933594
2026-02-26,264.1977233886719
2026-02-27,259.6485900878906
2026-03-02,262.03240966796875
2026-03-03,257.49322509765625
2026-03-04,259.9962463378906
2026-03-05,255.02992248535156
2026-03-06,249.19949340820312
2026-03-09,251.9110870361328
2026-03-10,251.65283203125
2026-03-11,251.1462860107422
2026-03-12,245.74295043945312
2026-03-13,244.92845153808594
2026-03-16,247.24276733398438
2026-03-17,248.80694580078125
2026-03-18,244.79698181152344
2026-03-19,246.3989715576172
2026-03-20,241.01588439941406
2026-03-23,246.21986389160156
2026-03-24,247.5432586669922
2026-03-25,250.5681610107422
2026-03-26,246.20993041992188
2026-03-27,241.89151000976562
2026-03-30,238.41883850097656
2026-03-31,246.7671356201172
2026-04-01,248.3193817138672
2026-04-02,250.040771484375
2026-04-06,251.10546875
2026-04-07,251.65272521972656
2026-04-08,259.1751403808594
2026-04-09,260.65771484375
2026-04-10,260.0010070800781
2026-04-13,263.75225830078125
2026-04-14,267.3841552734375
2026-04-15,268.05084228515625
2026-04-16,268.6080322265625
2026-04-17,274.4090270996094
2026-04-20,275.97125244140625
2026-04-21,273.1453857421875
2026-04-22,275.1055603027344
2026-04-23,274.15032958984375
2026-04-24,275.2746887207031
2026-04-27,275.7622985839844
2026-04-28,272.54833984375
2026-04-29,270.7274169921875
2026-04-30,276.5881652832031
2026-05-01,277.8916320800781
2026-05-04,276.4986267089844
2026-05-05,281.15533447265625
2026-05-06,285.3742370605469
2026-05-07,280.8568420410156
2026-05-08,282.7573547363281
2026-05-11,283.9115295410156
2026-05-12,281.165283203125
2026-05-13,281.2648010253906
2026-05-14,283.03594970703125
2026-05-15,276.219970703125
2026-05-18,274.59808349609375
2026-05-19,271.6428527832031
2026-05-20,278.47869873046875
2026-05-21,281.0856628417969
2026-05-22,283.7026062011719
2026-05-26,289.0658264160156
2026-05-27,288.926513671875
2026-05-28,290.5782775878906
2026-05-29,288.9862060546875
2026-06-01,287.5434265136719
2026-06-02,290.2100830078125
2026-06-03,286.23992919921875
2026-06-04,290.558349609375
2026-06-05,280.2498474121094
2026-06-08,282.6976013183594
2026-06-09,283.60308837890625
2026-06-10,280.6478576660156
2026-06-11,288.96630859375
2026-06-12,291.4936828613281
2026-06-15,293.87249755859375
2026-06-16,291.3191223144531
2026-06-17,289.1248779296875
2026-06-18,294.82000732421875
2026-06-22,297.40325927734375
2026-06-23,294.55072021484375
2026-06-24,295.9171447753906
2026-06-25,298.13134765625
2026-06-26,299.0489501953125
2026-06-29,298.1911926269531
2026-06-30,299.6673583984375
2026-07-01,298.540283203125
2026-07-02,296.8048095703125
2026-07-06,298.1213684082031
2026-07-07,295.4184265136719
2026-07-08,292.71551513671875
2026-07-09,296.4656982421875
2026-07-10,295.21893310546875
2026-07-13,292.71551513671875
2026-07-14,293.7428283691406
2026-07-15,294.99951171875
2026-07-16,294.82000732421875
2026-07-17,293.2740478515625
2026-07-20,291.5485534667969
2026-07-21,295.7675476074219
2026-07-22,293.0246887207031
2026-07-23,291.3291015625
2026-07-24,290.4115295410156
2026-07-27,292.14697265625
2026-07-28,292.60577392578125
2026-07-29,287.81829833984375
2026-07-30,291.82781982421875
2026-07-31,290.4414367675781
2026-08-03,295.4483642578125
2026-08-04,300.9240417480469
2026-08-05,298.9891052246094
2026-08-06,297.47308349609375
2026-08-07,300.7744445800781
2026-08-10,299.1985778808594
2026-08-11,300.2059326171875
2026-08-12,301.92144775390625
2026-08-13,302.7093811035156
2026-08-14,304.2952575683594
2026-08-17,303.2679443359375
2026-08-18,299.44793701171875
2026-08-19,300.93402099609375
2026-08-20,296.89459228515625
2026-08-21,299.1786193847656
2026-08-24,297.19378662109375
2026-08-25,298.4505310058594
2026-08-26,298.15130615234375
2026-08-27,299.02899169921875
2026-08-28,294.9795837402344
2026-08-31,293.164306640625
2026-09-01,289.8130798339844
2026-09-02,293.2441101074219
2026-09-03,294.4210510253906
2026-09-04,295.2389221191406
2026-09-08,293.90240478515625
2026-09-09,289.8829040527344
2026-09-10,286.9505615234375
2026-09-11,288.1374816894531
2026-09-14,287.1600036621094
2026-09-15,285.1400146484375
2026-09-16,285.9800109863281
